{"cameraMode":{"drawMode":0,"name":"Shaded","section":"Shading Mode"},"sceneLighting":true,"audioPlay":false,"sceneViewState":{"m_AlwaysRefresh":false,"showFog":true,"showSkybox":true,"showFlares":true,"showImageEffects":true,"showParticleSystems":true,"showVisualEffectGraphs":true,"m_FxEnabled":true},"in2DMode":false,"pivot":{"x":1.9053215980529786,"y":8.828946113586426,"z":-9.41180419921875},"rotation":{"x":0.16109918057918549,"y":0.15328502655029298,"z":-0.025341222062706949,"w":0.9746457934379578},"size":0.8753673434257507,"orthographic":false}